{
  "$schema": "https://schema.management.azure.com/schemas/2015-01-01/deploymentTemplate.json#",
  "contentVersion": "1.0.0.0",
  "parameters": {
    "vnetName": {
      "type": "string",
      "defaultValue": "az30306a-vnet",
      "metadata": {
        "description": "Virtual network name"
      }
    },
    "vmName": {
      "type": "string",
      "defaultValue": "az30306a-vm0",
      "metadata": {
        "description": "VM name"
      }
    },
    "adminUsername": {
      "type": "string",
      "metadata": {
        "description": "Windows admin username"
      }
    },
    "adminPassword": {
      "type": "securestring",
      "metadata": {
        "description": "Windows admin password"
      }
    },
    "vmSize": {
      "type": "string",
      "defaultValue": "Standard_D2s_v3",
      "metadata": {
        "description": "VM size"
      }
    },
    "diskType": {
      "type": "string",
      "defaultValue": "Standard_LRS",
      "allowedValues": [
        "StandardSSD_LRS",
        "Standard_LRS",
        "Premium_LRS"
      ],
      "metadata": {
        "description": "disk storage type"
      }
    }
  },
  "variables": {
    "subnet0Name": "subnet0",
    "vnetID": "[resourceId('Microsoft.Network/virtualNetworks',parameters('vnetName'))]",
    "subnetRef": "[concat(variables('vnetID'),'/subnets/',variables('subnet0Name'))]",
    "subnet0NetworkSecurityGroupName": "az30306a-web-nsg",
    "pipName": "az30306a-pip",
    "nicName": "az30306a-nic",
    "windowsImage": {
      "publisher": "MicrosoftWindowsServer",
      "offer": "WindowsServer",
      "sku": "2019-Datacenter",
      "version": "latest"
    },
    "computeAPIVersion": "2019-07-01",
    "networkAPIVersion": "2019-11-01",
    "storageAPIVersion": "2019-06-01"
  },
  "resources": [
    {
      "type": "Microsoft.Network/publicIPAddresses",
      "name": "[variables('pipName')]",
      "apiVersion": "[variables('networkAPIVersion')]",
      "location": "[resourceGroup().location]",
      "sku": {
       "name": "Basic"
      },
      "properties": {
        "publicIPAddressVersion": "IPv4",
        "publicIPAllocationMethod": "Dynamic",
        "idleTimeoutInMinutes": 4
      }
    },
    {
      "name": "[variables('subnet0NetworkSecurityGroupName')]",
      "type": "Microsoft.Network/networkSecurityGroups",
      "apiVersion": "[variables('networkAPIVersion')]",
      "location": "[resourceGroup().location]",
      "comments": "Network Security Group for the web subnet",
      "properties": {
        "securityRules": [
          {
            "name": "custom-allow-rdp",
            "properties": {
              "priority": 1000,
              "sourceAddressPrefix": "*",
              "protocol": "Tcp",
              "destinationPortRange": "3389",
              "access": "Allow",
              "direction": "Inbound",
              "sourcePortRange": "*",
              "destinationAddressPrefix": "*"
            }
          }
        ]
      }
    },
    {
      "type": "Microsoft.Network/virtualNetworks",
      "name": "[parameters('vnetName')]",
      "apiVersion": "[variables('networkAPIVersion')]",
      "location": "[resourceGroup().location]",
      "dependsOn": [
        "[concat('Microsoft.Network/networkSecurityGroups/', variables('subnet0NetworkSecurityGroupName'))]"
      ],
      "properties": {
        "addressSpace": {
          "addressPrefixes": [
            "10.2.0.0/22"
          ]
        },
        "subnets": [
          {
            "name": "[variables('subnet0Name')]",
            "properties": {
              "addressPrefix": "10.2.0.0/24",
              "networkSecurityGroup": {
                "id": "[resourceId('Microsoft.Network/networkSecurityGroups', variables('subnet0NetworkSecurityGroupName'))]"
              }
            }
          }
        ]
      }
    },
    {
      "type": "Microsoft.Network/networkInterfaces",
      "name": "[variables('nicName')]",
      "apiVersion": "[variables('networkAPIVersion')]",
      "location": "[resourceGroup().location]",
      "dependsOn": [
        "[resourceId('Microsoft.Network/virtualNetworks', parameters('vnetName'))]",
        "[variables('pipName')]"
      ],
      "properties": {
        "ipConfigurations": [
          {
            "name": "ipconfig1",
            "properties": {
              "privateIPAllocationMethod": "Dynamic",
              "subnet": {
                "id": "[variables('subnetRef')]"
              },
              "publicIpAddress": {
                 "id": "[resourceId('Microsoft.Network/publicIpAddresses', variables('pipName'))]"
              }
            }
          }
        ]
      }
    },
    {
      "type": "Microsoft.Compute/virtualMachines",
      "name": "[parameters('vmName')]",
      "apiVersion": "[variables('computeApiVersion')]",
      "location": "[resourceGroup().location]",
      "dependsOn": [
        "[variables('nicName')]"
      ],
      "properties": {
        "hardwareProfile": {
          "vmSize": "[parameters('vmSize')]"
        },
        "osProfile": {
          "computerName": "[parameters('vmName')]",
          "adminUsername": "[parameters('adminUsername')]",
          "adminPassword": "[parameters('adminPassword')]"
        },
        "storageProfile": {
          "imageReference": "[variables('windowsImage')]",
          "osDisk": {
            "createOption": "FromImage",
            "managedDisk": {
              "storageAccountType": "[parameters('diskType')]"
            }
          }
        },
        "networkProfile": {
          "networkInterfaces": [
            {
              "id": "[resourceId('Microsoft.Network/networkInterfaces',variables('nicName'))]"
            }
          ]
        }
      }
    }
  ]
}